<?xml version="1.0" encoding="UTF-8"?>
<beans xmlns="http://www.springframework.org/schema/beans"
	xmlns:xsi="http://www.w3.org/2001/XMLSchema-instance"
	xsi:schemaLocation="http://www.springframework.org/schema/beans 
	http://www.springframework.org/schema/beans/spring-beans.xsd">
	
	<bean id="calculationBean" class="com.javatpoint.CalculationImpl"></bean>
	<bean name="/Calculation.http" class="org.springframework.remoting.caucho.HessianServiceExporter">
		<property name="service" ref="calculationBean"></property>
		<property name="serviceInterface" value="com.javatpoint.Calculation"></property>
	</bean>

</beans>
