<?xml version="1.0" encoding="UTF-8"?>
<beans xmlns="http://www.springframework.org/schema/beans"
	xmlns:xsi="http://www.w3.org/2001/XMLSchema-instance" 
	xmlns:aop="http://www.springframework.org/schema/aop"
	xsi:schemaLocation="http://www.springframework.org/schema/beans
	http://www.springframework.org/schema/beans/spring-beans-3.0.xsd 
	http://www.springframework.org/schema/aop 
	http://www.springframework.org/schema/aop/spring-aop-3.0.xsd ">

<aop:aspectj-autoproxy />

<bean id="opBean" class="com.javatpoint.Operation">	</bean>
	
<bean id="trackAspect" class="com.javatpoint.TrackOperation"></bean>
		
<aop:config>
  <aop:aspect id="myaspect" ref="trackAspect" >
     <!-- @AfterThrowing -->
     <aop:pointcut id="pointCutAfterThrowing"	expression="execution(* com.javatpoint.Operation.*(..))" />
     <aop:after-throwing method="myadvice" throwing="error" pointcut-ref="pointCutAfterThrowing" />
  </aop:aspect>
</aop:config>
	
</beans>
